transaction_id,date,marketplace,category,revenue,expense,currency,payment_status
TXN-1001,2026-03-01,amazon.com,Electronics  ,149.99,45.20,USD,Completed
TXN-1002,2026-03-01, amazon.co.uk ,Books,24.50,8.10,GBP,Completed
TXN-1003,2026-03-02,amazon.com,electronics,,12.00,USD,Pending
TXN-1004,2026-03-03,amazon.de,HOME & KITCHEN,89.00,,EUR,Completed
TXN-1001,2026-03-01,amazon.com,Electronics  ,149.99,45.20,USD,Completed
TXN-1005,2026-03-04,amazon.com,  books  ,18.99,5.50,USD,Failed
TXN-1006,2026-03-05,amazon.in,Electronics,3499.00,850.00,INR,COMPLETED
TXN-1007,invalid-date,amazon.com,Home & Kitchen,ERROR_VAL,15.00,USD,Completed
TXN-1008,2026-03-06,amazon.co.jp,Apparel,7800,-999.00,JPY,Completed
TXN-1009,2026-03-07,amazon.com,ELECTRONICS,210.50,60.00,usd,Refunded
TXN-1009,2026-03-07,amazon.com,ELECTRONICS,210.50,60.00,usd,Refunded
TXN-1010,2026-03-08,amazon.com,  Home & kitchen ,45.00,NULL,USD,Pending
